1,2,3,4
2,new,data,row
3,new,data,row
4,new,data,row
5,new,data,row
6,new,data,row
7,new,data,row
8,new,data,row
9,new,data,row
10,new,data,row
11,new,data,row
12,new,data,row
13,new,data,row
14,new,data,row
15,new,data,row
16,new,data,row
17,new,data,row
18,new,data,row
19,new,data,row
20,new,data,row
21,new,data,row
22,new,data,row
23,new,data,row
24,new,data,row
25,new,data,row
26,new,data,row
27,new,data,row
28,new,data,row
29,new,data,row
30,new,data,row
31,new,data,row
32,new,data,row
33,new,data,row
34,new,data,row
35,new,data,row
36,new,data,row
37,new,data,row
38,new,data,row
39,new,data,row
40,new,data,row
41,new,data,row
42,new,data,row
43,new,data,row
44,new,data,row
45,new,data,row
46,new,data,row
47,new,data,row
48,new,data,row
49,new,data,row
50,new,data,row
51,new,data,row
52,new,data,row
53,new,data,row
54,new,data,row
55,new,data,row
56,new,data,row
57,new,data,row
58,new,data,row
59,new,data,row
60,new,data,row
61,new,data,row
62,new,data,row
63,new,data,row
64,new,data,row
65,new,data,row
66,new,data,row
67,new,data,row
68,new,data,row
69,new,data,row
70,new,data,row
71,new,data,row
72,new,data,row
73,new,data,row
74,new,data,row
75,new,data,row
